{
    "src_folders": ["test"],
    "output_folder": "report",
    "webdriver": {
      "start_process": true,
      "server_path": "node_modules/.bin/chromedriver",
      "port": 9515
    },
  
    "test_settings": {
      "default": {
        "launch_url": "http://localhost:8000",
        "skip_testcases_on_fail": false,
        "desiredCapabilities": {
          "browserName": "chrome",
          "chromeOptions": {
            "args": ["headless", "no-sandbox", "disable-gpu"]
          }
        }
      }
    }
  }
  